Files,HOMO (eV),LUMO (eV),LUMO+1 (eV),Bandgap (eV),LUMO-LUMO+1 gap (eV)
st10003,-4.248481,-3.032526,-2.555399,1.215955,0.4771269999999998
st10009,-4.272835,-3.033678,-2.555245,1.2391569999999996,0.4784329999999999
st10015,-4.302477,-3.041934,-2.559628,1.2605429999999995,0.4823059999999999
st10021,-4.334713,-3.055274,-2.571813,1.279439,0.4834609999999997
st10027,-4.359002,-3.067993,-2.590899,1.2910090000000003,0.4770940000000001
st10033,-4.364904,-3.077214,-2.610949,1.28769,0.4662649999999999
st10039,-4.356827,-3.080781,-2.619208,1.276046,0.461573
st10045,-4.345482,-3.078168,-2.613075,1.2673139999999998,0.465093
st10051,-4.337901,-3.069087,-2.595946,1.2688139999999994,0.473141
st10057,-4.340177,-3.057583,-2.573755,1.2825939999999996,0.4838280000000003
st10063,-4.354263,-3.049582,-2.556088,1.3046810000000004,0.4934940000000001
st10069,-4.377166,-3.045449,-2.548591,1.3317169999999998,0.496858
st10075,-4.400637,-3.044001,-2.556314,1.3566359999999995,0.4876870000000002
st10081,-4.417681,-3.046198,-2.572324,1.371483,0.4738739999999999
st10087,-4.431309,-3.053131,-2.585537,1.3781779999999997,0.467594
st10093,-4.452063,-3.062909,-2.593319,1.389154,0.4695899999999997
st10099,-4.483438,-3.075678,-2.592221,1.4077599999999997,0.483457
st10105,-4.514252,-3.092709,-2.593227,1.4215429999999998,0.499482
st10111,-4.539421,-3.111898,-2.609657,1.427523,0.5022410000000002
st10117,-4.560019,-3.130443,-2.627111,1.4295759999999995,0.5033319999999999
st10123,-4.568303,-3.147552,-2.643941,1.420751,0.5036110000000003
st10129,-4.562316,-3.155552,-2.649392,1.406764,0.5061599999999999
st10135,-4.541842,-3.141828,-2.629581,1.400014,0.5122469999999999
st10141,-4.507389,-3.10867,-2.589621,1.3987189999999998,0.5190489999999999
st10147,-4.464738,-3.072161,-2.548022,1.3925769999999995,0.5241389999999999
st10153,-4.421524,-3.041575,-2.517692,1.379949,0.5238830000000001
st10159,-4.385759,-3.022431,-2.494433,1.363328,0.5279980000000002
st10165,-4.367821,-3.020292,-2.478339,1.3475290000000002,0.5419529999999999
st10171,-4.369042,-3.037965,-2.495489,1.3310770000000005,0.5424759999999997
st10177,-4.379653,-3.066721,-2.533983,1.3129320000000004,0.5327379999999997
st10183,-4.394538,-3.093257,-2.566729,1.301281,0.5265279999999999
st10189,-4.397739,-3.121103,-2.605446,1.2766359999999994,0.515657
st10195,-4.374494,-3.147126,-2.648923,1.2273680000000002,0.4982030000000002
st10201,-4.350958,-3.158799,-2.673953,1.1921590000000002,0.4848460000000001
st10207,-4.311048,-3.152225,-2.67458,1.1588230000000004,0.4776449999999999
st10213,-4.254225,-3.135491,-2.664067,1.118734,0.4714239999999998
st10219,-4.205787,-3.117462,-2.649028,1.0883249999999998,0.4684340000000002
st10225,-4.172255,-3.103462,-2.639279,1.068793,0.4641829999999998
st10231,-4.150808,-3.093499,-2.637619,1.0573089999999996,0.45588
st10237,-4.135692,-3.082374,-2.628843,1.0533179999999995,0.4535310000000003
st10243,-4.121304,-3.071877,-2.615626,1.049427,0.4562510000000004
st10249,-4.116237,-3.06382,-2.601765,1.0524169999999995,0.4620550000000003
st10255,-4.127662,-3.060739,-2.598774,1.066923,0.4619649999999997
st10261,-4.14874,-3.066457,-2.618176,1.082283,0.4482810000000001
st10267,-4.168305,-3.066393,-2.634204,1.101912,0.4321890000000001
st10273,-4.178432,-3.06184,-2.638367,1.1165919999999998,0.423473
st10279,-4.180862,-3.062989,-2.637564,1.1178730000000003,0.4254250000000001
st10285,-4.180066,-3.058566,-2.622235,1.1215000000000002,0.436331
st10291,-4.178702,-3.045441,-2.598996,1.1332610000000003,0.4464449999999997
st10297,-4.179248,-3.033221,-2.58301,1.146027,0.4502110000000003
st10303,-4.183952,-3.024511,-2.574054,1.1594409999999995,0.4504570000000001
st10309,-4.193657,-3.018638,-2.568628,1.1750189999999998,0.4500100000000002
st10315,-4.211437,-3.017557,-2.563801,1.19388,0.4537559999999998
st10327,-4.297639,-3.034532,-2.569281,1.2631070000000002,0.4652509999999998
st10333,-4.351072,-3.058286,-2.59427,1.2927860000000004,0.464016
st10339,-4.384726,-3.082308,-2.62798,1.302418,0.4543279999999998
st10345,-4.398917,-3.117404,-2.669475,1.281513,0.4479290000000002
st10351,-4.401314,-3.168047,-2.709822,1.233267,0.4582250000000001
st10357,-4.394855,-3.205103,-2.726083,1.189752,0.4790199999999998
st10363,-4.380898,-3.212145,-2.714492,1.1687530000000002,0.4976530000000001
st10369,-4.355241,-3.192878,-2.692007,1.1623630000000005,0.5008710000000001
st10375,-4.349418,-3.153673,-2.657903,1.195745,0.4957699999999998
st10381,-4.357471,-3.107274,-2.615199,1.2501970000000004,0.4920749999999998
st10387,-4.366978,-3.060966,-2.575664,1.3060119999999995,0.4853019999999999
st10393,-4.39676,-3.019743,-2.536367,1.3770169999999995,0.4833760000000002
st10399,-4.448091,-2.993854,-2.499298,1.454237,0.4945559999999998
st10405,-4.508084,-2.991036,-2.4806,1.5170480000000004,0.5104359999999999
st10411,-4.550424,-3.008423,-2.482265,1.5420009999999995,0.5261580000000001
st10417,-4.572655,-3.040963,-2.51509,1.531692,0.5258730000000003
st10423,-4.61102,-3.076932,-2.566101,1.534088,0.5108309999999996
st10429,-4.655594,-3.101941,-2.596931,1.5536529999999995,0.50501
st10435,-4.672232,-3.120178,-2.618261,1.552054,0.5019170000000002
st10441,-4.650398,-3.132832,-2.636365,1.517566,0.496467
st10447,-4.602215,-3.127514,-2.632095,1.474701,0.495419
st10453,-4.526419,-3.110597,-2.612963,1.415822,0.4976339999999997
st10459,-4.447234,-3.086667,-2.582441,1.360567,0.5042259999999996
st10465,-4.391439,-3.051304,-2.532104,1.340135,0.5192000000000001
st10471,-4.373246,-3.023493,-2.493799,1.3497529999999998,0.5296940000000001
st10477,-4.318729,-3.021353,-2.489441,1.2973760000000003,0.5319120000000002
st10483,-4.268769,-3.039411,-2.498217,1.229358,0.541194
st10489,-4.241616,-3.073593,-2.513416,1.1680229999999998,0.5601769999999999
st10495,-4.239917,-3.126008,-2.553311,1.113909,0.5726970000000002
st10501,-4.270592,-3.18383,-2.604751,1.0867619999999998,0.5790790000000001
st10507,-4.329667,-3.228581,-2.639745,1.1010859999999996,0.5888360000000001
st10513,-4.407218,-3.258942,-2.665245,1.1482760000000003,0.5936969999999997
st10519,-4.467388,-3.280776,-2.693822,1.1866119999999998,0.586954
st10525,-4.486925,-3.298063,-2.743314,1.1888620000000003,0.5547490000000002
st10531,-4.502925,-3.304371,-2.803838,1.198554,0.5005330000000003
st10537,-4.497852,-3.292351,-2.841532,1.205501,0.4508190000000001
st10543,-4.450558,-3.264842,-2.839753,1.1857160000000002,0.4250889999999998
st10549,-4.399189,-3.220526,-2.785983,1.1786629999999998,0.4345430000000001
st10555,-4.360809,-3.165661,-2.694727,1.1951479999999997,0.4709340000000002
st10561,-4.345039,-3.123029,-2.62468,1.22201,0.4983489999999997
st10567,-4.347403,-3.105171,-2.601016,1.242232,0.5041549999999999
st10573,-4.353953,-3.107798,-2.59856,1.246155,0.5092379999999999
st10579,-4.359694,-3.120397,-2.614425,1.239297,0.5059719999999999
st10585,-4.363474,-3.129054,-2.634054,1.23442,0.4950000000000001
st10591,-4.357305,-3.127329,-2.642045,1.2299760000000002,0.485284
st10597,-4.337432,-3.123028,-2.649309,1.2144039999999996,0.473719
st10603,-4.32588,-3.121094,-2.661276,1.204786,0.4598179999999998
st10609,-4.315982,-3.116072,-2.665648,1.19991,0.4504239999999999
st10615,-4.306533,-3.106745,-2.662128,1.199788,0.444617
st10621,-4.311181,-3.095884,-2.6468,1.2152970000000003,0.449084
st10627,-4.332543,-3.081203,-2.61451,1.2513400000000003,0.4666929999999998
st10633,-4.351423,-3.057317,-2.572578,1.2941059999999998,0.4847389999999998
st10639,-4.349333,-3.023714,-2.527267,1.3256189999999997,0.4964469999999998
st10645,-4.336672,-2.988423,-2.481753,1.348249,0.5066700000000002
st10651,-4.331331,-2.957816,-2.439867,1.3735149999999998,0.5179489999999998
st10657,-4.336269,-2.939079,-2.405399,1.3971899999999997,0.5336799999999999
st10663,-4.348044,-2.936705,-2.391947,1.411339,0.5447579999999999
st10669,-4.370882,-2.954837,-2.411903,1.416045,0.5429339999999998
st10675,-4.394305,-2.990628,-2.46083,1.403677,0.529798
st10681,-4.419279,-3.026677,-2.519041,1.3926020000000006,0.5076359999999998
st10687,-4.443481,-3.062121,-2.583018,1.3813600000000004,0.4791029999999998
st10693,-4.444111,-3.098647,-2.646672,1.3454640000000002,0.451975
st10699,-4.410177,-3.125524,-2.690099,1.284653,0.4354249999999999
st10705,-4.366996,-3.142044,-2.713345,1.2249520000000005,0.4286989999999999
st10711,-4.338196,-3.15519,-2.738731,1.1830059999999998,0.4164590000000001
st10717,-4.316835,-3.157653,-2.746781,1.1591820000000004,0.4108719999999999
st10723,-4.302068,-3.146537,-2.714915,1.1555310000000003,0.4316219999999999
st10729,-4.29939,-3.127904,-2.674461,1.1714859999999998,0.453443
st10735,-4.268302,-3.094198,-2.628082,1.1741040000000005,0.466116
st10741,-4.22559,-3.048213,-2.56864,1.1773770000000003,0.4795730000000002
st10747,-4.191017,-3.016142,-2.531596,1.1748750000000006,0.4845459999999999
st10753,-4.158176,-3.005135,-2.547058,1.153041,0.4580770000000003
st10759,-4.141043,-3.002045,-2.58613,1.138998,0.415915
st10765,-4.142231,-3.005299,-2.627601,1.1369319999999998,0.3776980000000001
st10771,-4.149471,-3.028074,-2.673523,1.121397,0.3545510000000003
st10777,-4.168337,-3.066877,-2.720144,1.1014600000000003,0.3467329999999999
st10783,-4.205848,-3.095799,-2.749315,1.1100489999999996,0.3464839999999998
st10789,-4.249353,-3.103044,-2.743566,1.146309,0.3594780000000002
st10795,-4.286332,-3.09277,-2.689518,1.193562,0.4032519999999997
st10801,-4.302576,-3.066579,-2.594038,1.2359970000000002,0.4725410000000001
st10807,-4.278915,-3.025252,-2.536144,1.2536629999999995,0.4891079999999999
st10813,-4.231329,-2.984977,-2.513215,1.2463519999999997,0.471762
st10819,-4.182692,-2.953244,-2.4975,1.229448,0.4557440000000001
st10825,-4.14498,-2.931365,-2.479096,1.2136150000000003,0.4522689999999998
st10831,-4.137755,-2.929471,-2.4684,1.2082840000000004,0.461071
st10837,-4.159889,-2.944558,-2.468831,1.215331,0.4757269999999995
st10843,-4.200521,-2.960789,-2.474624,1.239732,0.4861650000000002
st10849,-4.252491,-2.969583,-2.48552,1.282908,0.4840629999999999
st10855,-4.30463,-2.976325,-2.502108,1.3283050000000003,0.4742169999999999
st10861,-4.349825,-2.983438,-2.51789,1.366387,0.4655480000000001
st10867,-4.38372,-2.995809,-2.544859,1.3879110000000003,0.4509499999999997
st10873,-4.411341,-3.016603,-2.589074,1.3947380000000005,0.4275289999999998
st10879,-4.425712,-3.039421,-2.636889,1.386291,0.4025319999999999
st10885,-4.410921,-3.052899,-2.666744,1.358022,0.386155
st10891,-4.353179,-3.056307,-2.682731,1.296872,0.3735759999999999
st10897,-4.303243,-3.058946,-2.693821,1.244297,0.3651250000000003
st10903,-4.26827,-3.059942,-2.690653,1.2083280000000003,0.3692889999999997
st10909,-4.216835,-3.057208,-2.672279,1.1596269999999995,0.3849290000000001
st10915,-4.190721,-3.060151,-2.656532,1.13057,0.4036189999999999
st10921,-4.175092,-3.069169,-2.669275,1.1059230000000002,0.3998940000000002
st10927,-4.143172,-3.077207,-2.706048,1.0659649999999998,0.371159
st10933,-4.124037,-3.081538,-2.730601,1.0424990000000005,0.350937
st10939,-4.110411,-3.085564,-2.744746,1.0248469999999998,0.340818
st10945,-4.105117,-3.090887,-2.75874,1.01423,0.3321469999999999
st10951,-4.124527,-3.085768,-2.745986,1.0387589999999998,0.339782
st10957,-4.143366,-3.061516,-2.670027,1.0818500000000002,0.391489
st10963,-4.144997,-3.036963,-2.551931,1.108034,0.4850319999999999
st10969,-4.151396,-3.01771,-2.471462,1.133686,0.5462480000000003
st10975,-4.175013,-2.997547,-2.45583,1.177466,0.5417169999999998
st10981,-4.197619,-2.978802,-2.456051,1.2188170000000005,0.522751
st10987,-4.217303,-2.960308,-2.45162,1.2569950000000003,0.5086879999999998
st10993,-4.246557,-2.940333,-2.427735,1.3062240000000005,0.5125979999999997
st10999,-4.276725,-2.929108,-2.401933,1.347617,0.5271749999999997
st11005,-4.29774,-2.927855,-2.410265,1.369885,0.5175900000000002
st11011,-4.308994,-2.92855,-2.448698,1.3804440000000002,0.4798520000000001
st11017,-4.320223,-2.933988,-2.465763,1.3862350000000006,0.4682249999999999
st11023,-4.335991,-2.942345,-2.447047,1.393646,0.495298
st11029,-4.357906,-2.956466,-2.452349,1.40144,0.5041169999999999
st11035,-4.384239,-2.983205,-2.494073,1.401034,0.4891319999999997
st11041,-4.413258,-3.009373,-2.539238,1.4038849999999998,0.4701349999999999
st11047,-4.433651,-3.018161,-2.565058,1.41549,0.453103
st11053,-4.444593,-3.016681,-2.577373,1.427912,0.439308
st11059,-4.449214,-3.017687,-2.58847,1.4315269999999995,0.4292169999999999
st11065,-4.443905,-3.016085,-2.591829,1.42782,0.4242559999999997
st11071,-4.430915,-3.008703,-2.587245,1.4222119999999996,0.4214580000000003
st11077,-4.415542,-3.003161,-2.583546,1.4123810000000003,0.4196149999999998
st11083,-4.38572,-2.993466,-2.569203,1.392254,0.4242630000000003
st11089,-4.345723,-2.978564,-2.548106,1.3671589999999996,0.4304579999999998
st11095,-4.30427,-2.967485,-2.530413,1.336785,0.4370720000000001
st11101,-4.269308,-2.968422,-2.520933,1.3008859999999998,0.447489
st11107,-4.2483,-2.978002,-2.519054,1.2702980000000004,0.4589479999999999
st11113,-4.242319,-2.992936,-2.525898,1.2493830000000004,0.4670379999999996
st11119,-4.257963,-3.023722,-2.558532,1.2342410000000004,0.4651899999999997
st11125,-4.268211,-3.043645,-2.582171,1.2245659999999998,0.4614739999999999
st11131,-4.271567,-3.05855,-2.600328,1.2130170000000002,0.4582219999999997
st11137,-4.263732,-3.048668,-2.594774,1.215064,0.453894
st11143,-4.261999,-3.033069,-2.579065,1.2289300000000003,0.4540039999999998
st11149,-4.260027,-3.018491,-2.563833,1.241536,0.4546580000000002
st11155,-4.263821,-3.021924,-2.580641,1.2418970000000005,0.4412829999999998
st11161,-4.26327,-3.019067,-2.589131,1.2442030000000002,0.4299360000000001
st11167,-4.279286,-3.034227,-2.611912,1.245059,0.4223150000000002
st11173,-4.29394,-3.042661,-2.620378,1.2512790000000005,0.4222829999999997
st11179,-4.316589,-3.040919,-2.615647,1.2756699999999994,0.4252720000000001
st11185,-4.342384,-3.020114,-2.585935,1.32227,0.4341789999999998
st11191,-4.380949,-3.01561,-2.579232,1.365339,0.4363779999999999
st11197,-4.389402,-2.99382,-2.55648,1.3955819999999997,0.4373399999999998
st11203,-4.384654,-2.982455,-2.554328,1.4021990000000004,0.4281269999999999
st11209,-4.389914,-2.982256,-2.567618,1.407658,0.414638
st11215,-4.404132,-2.992085,-2.586926,1.4120469999999998,0.4051589999999998
st11221,-4.426303,-3.011249,-2.609765,1.415054,0.4014839999999999
st11227,-4.44773,-3.035852,-2.635564,1.4118779999999995,0.4002880000000002
st11233,-4.468384,-3.057652,-2.663349,1.4107320000000003,0.3943029999999998
st11239,-4.476617,-3.065704,-2.678769,1.410913,0.3869350000000002
st11245,-4.47675,-3.076988,-2.698307,1.399762,0.3786810000000002
st11251,-4.460242,-3.078881,-2.696438,1.381361,0.3824429999999998
st11257,-4.450536,-3.074826,-2.684615,1.3757099999999998,0.3902109999999998
st11263,-4.443549,-3.060139,-2.652601,1.38341,0.4075379999999997
st11269,-4.433944,-3.043663,-2.617337,1.3902810000000003,0.426326
st11275,-4.405554,-3.019509,-2.571517,1.3860450000000002,0.4479920000000001
st11281,-4.379542,-3.002241,-2.536163,1.3773009999999997,0.466078
st11287,-4.353707,-2.993173,-2.512226,1.360534,0.480947
st11293,-4.329659,-2.991386,-2.495974,1.3382730000000005,0.4954119999999999
st11299,-4.327874,-3.002519,-2.499059,1.3253550000000005,0.50346
st11305,-4.334339,-3.00937,-2.501534,1.3249689999999998,0.5078360000000002
st11311,-4.327288,-3.003175,-2.494333,1.324113,0.508842
st11317,-4.326676,-3.024535,-2.517076,1.3021409999999998,0.5074590000000003
st11323,-4.308299,-3.026948,-2.517803,1.281351,0.5091450000000002
st11329,-4.307089,-3.048967,-2.542482,1.2581220000000002,0.5064850000000001
st11335,-4.302408,-3.050851,-2.547438,1.2515569999999996,0.5034130000000001
st11341,-4.310407,-3.056492,-2.551672,1.2539149999999997,0.50482
st11347,-4.314245,-3.043282,-2.542257,1.2709629999999996,0.5010249999999998
st11353,-4.305504,-3.036647,-2.53931,1.268857,0.4973369999999999
st11359,-4.276445,-3.040156,-2.535458,1.2362889999999995,0.5046979999999999
st11365,-4.242857,-3.043637,-2.530827,1.19922,0.51281
st11371,-4.239021,-3.056898,-2.54137,1.1821230000000005,0.5155279999999998
st11377,-4.270753,-3.060458,-2.544739,1.210295,0.5157190000000003
st11383,-4.352516,-3.07352,-2.56568,1.2789959999999998,0.5078399999999998
st11389,-4.437961,-3.074778,-2.578227,1.3631829999999998,0.4965509999999997
st11395,-4.500334,-3.080749,-2.598929,1.4195849999999997,0.4818199999999999
st11401,-4.500043,-3.052204,-2.578918,1.4478389999999997,0.4732860000000003
st11407,-4.463685,-3.032035,-2.569472,1.43165,0.4625629999999998
st11413,-4.405592,-2.998837,-2.540869,1.4067550000000004,0.4579680000000001
st11419,-4.37061,-2.979108,-2.526871,1.391502,0.4522370000000002
st11425,-4.349095,-2.961856,-2.514323,1.387239,0.4475329999999999
st11431,-4.343822,-2.965086,-2.525979,1.3787360000000004,0.4391069999999999
st11437,-4.335914,-2.979933,-2.547654,1.355981,0.4322789999999998
st11443,-4.30994,-2.992965,-2.565514,1.3169750000000002,0.427451
st11449,-4.285243,-3.02411,-2.595678,1.2611330000000005,0.4284319999999999
st11455,-4.279926,-3.053897,-2.621948,1.2260289999999996,0.4319489999999999
st11461,-4.314526,-3.085316,-2.652811,1.2292099999999997,0.4325050000000003
st11467,-4.355678,-3.111575,-2.676285,1.244103,0.4352900000000002
st11473,-4.381146,-3.133319,-2.697539,1.247827,0.4357800000000003
st11479,-4.388669,-3.159162,-2.72966,1.2295070000000003,0.4295019999999998
st11485,-4.385094,-3.158712,-2.748068,1.2263819999999996,0.410644
st11491,-4.405996,-3.165868,-2.770343,1.240128,0.3955250000000001
st11497,-4.436866,-3.15007,-2.765736,1.2867960000000005,0.3843339999999999
st11503,-4.474174,-3.139531,-2.758268,1.3346429999999998,0.3812629999999997
st11509,-4.482128,-3.117689,-2.734094,1.3644390000000004,0.3835950000000001
st11515,-4.468553,-3.104966,-2.710829,1.363587,0.3941370000000002
st11521,-4.433698,-3.095877,-2.688724,1.3378209999999997,0.4071530000000001
st11527,-4.382115,-3.078818,-2.659349,1.3032969999999997,0.4194689999999998
st11533,-4.345837,-3.075271,-2.65021,1.2705660000000003,0.4250609999999999
st11539,-4.311058,-3.070628,-2.64148,1.24043,0.4291480000000001
st11545,-4.305367,-3.087963,-2.664739,1.2174040000000006,0.4232239999999998
st11551,-4.324933,-3.098843,-2.684979,1.2260899999999997,0.4138640000000002
st11557,-4.352771,-3.114,-2.69562,1.2387709999999998,0.41838
st11563,-4.368599,-3.109151,-2.665229,1.2594479999999997,0.4439220000000001
st11569,-4.389472,-3.081123,-2.597707,1.3083489999999998,0.4834159999999996
st11575,-4.415298,-3.060664,-2.57373,1.354634,0.4869340000000002
st11581,-4.418023,-3.054053,-2.595815,1.3639699999999997,0.4582380000000001
st11587,-4.405022,-3.061503,-2.623102,1.3435189999999997,0.4384010000000002
st11593,-4.393064,-3.072606,-2.64053,1.320458,0.4320759999999999
st11599,-4.382284,-3.076238,-2.639984,1.3060460000000005,0.4362539999999999
st11605,-4.371324,-3.083689,-2.647638,1.2876350000000003,0.4360509999999999
st11611,-4.340432,-3.052582,-2.598366,1.2878499999999995,0.4542160000000002
st11617,-4.330696,-3.025416,-2.553739,1.3052799999999998,0.4716769999999997
st11623,-4.32968,-2.99489,-2.498349,1.33479,0.4965409999999997
st11629,-4.336894,-2.980894,-2.464399,1.356,0.5164950000000004
st11635,-4.341812,-2.978658,-2.453546,1.3631540000000002,0.525112
st11641,-4.339233,-2.988732,-2.461297,1.350501,0.5274350000000001
st11647,-4.341445,-3.018966,-2.518124,1.3224790000000004,0.500842
st11653,-4.34327,-3.048527,-2.591203,1.2947430000000004,0.4573239999999998
st11659,-4.360114,-3.082114,-2.651066,1.2780000000000005,0.4310479999999996
st11665,-4.371994,-3.102596,-2.673965,1.2693979999999998,0.4286310000000002
st11671,-4.375247,-3.115148,-2.671675,1.260099,0.443473
st11677,-4.365456,-3.113903,-2.661425,1.251553,0.4524780000000001
st11683,-4.349327,-3.095292,-2.649704,1.2540349999999996,0.4455880000000003
st11689,-4.341702,-3.070228,-2.637818,1.2714739999999995,0.4324099999999999
st11695,-4.338673,-3.036681,-2.606972,1.3019919999999998,0.4297090000000003
st11701,-4.347797,-3.008244,-2.571663,1.339553,0.4365809999999999
st11707,-4.336022,-2.978697,-2.537975,1.357325,0.440722
st11713,-4.306824,-2.965907,-2.516226,1.3409169999999997,0.449681
st11719,-4.276467,-2.961832,-2.501798,1.3146350000000004,0.4600339999999998
st11725,-4.254003,-2.951565,-2.494236,1.302438,0.4573290000000001
st11731,-4.267636,-2.952709,-2.491805,1.3149270000000004,0.4609040000000002
st11737,-4.298105,-2.961764,-2.49442,1.3363409999999996,0.4673440000000002
st11743,-4.322965,-2.990441,-2.515059,1.3325239999999998,0.4753820000000002
st11749,-4.349249,-3.035689,-2.550758,1.3135600000000005,0.484931
st11755,-4.374903,-3.083302,-2.586885,1.2916009999999996,0.4964170000000001
st11761,-4.414192,-3.142259,-2.63599,1.2719329999999998,0.5062690000000001
st11767,-4.442984,-3.174203,-2.669058,1.2687810000000002,0.5051449999999997
st11773,-4.437975,-3.185592,-2.675501,1.2523829999999996,0.5100910000000001
st11779,-4.404673,-3.162413,-2.644657,1.24226,0.5177559999999999
st11785,-4.39709,-3.133383,-2.620972,1.2637070000000006,0.5124109999999997
st11791,-4.414551,-3.111187,-2.62014,1.3033640000000002,0.491047
st11797,-4.43359,-3.085519,-2.618634,1.3480709999999996,0.466885
st11803,-4.473685,-3.075783,-2.622065,1.3979019999999998,0.4537179999999998
st11809,-4.43975,-3.061646,-2.610939,1.378104,0.4507069999999999
st11815,-4.399014,-3.058812,-2.604682,1.340202,0.4541300000000001
st11821,-4.369118,-3.063205,-2.601842,1.3059130000000003,0.4613629999999999
st11827,-4.333879,-3.072892,-2.601932,1.2609869999999996,0.4709599999999998
st11833,-4.307735,-3.100012,-2.61205,1.207723,0.487962
st11839,-4.28056,-3.116551,-2.593651,1.1640090000000003,0.5228999999999999
st11845,-4.256294,-3.134401,-2.583907,1.1218929999999996,0.550494
st11851,-4.242854,-3.159541,-2.611023,1.0833130000000004,0.5485180000000001
st11857,-4.239983,-3.170719,-2.623645,1.0692639999999995,0.5470740000000003
st11863,-4.243773,-3.173629,-2.65033,1.070144,0.5232990000000002
st11869,-4.23178,-3.166991,-2.675159,1.0647889999999998,0.491832
st11875,-4.206793,-3.149995,-2.687203,1.056798,0.4627920000000003
st11881,-4.182677,-3.149313,-2.703566,1.0333640000000002,0.4457469999999999
st11887,-4.153567,-3.164755,-2.717444,0.9888119999999998,0.447311
st11893,-4.120629,-3.16352,-2.711896,0.957109,0.4516240000000002
st11899,-4.087479,-3.128047,-2.678425,0.959432,0.4496220000000002
st11905,-4.072932,-3.092293,-2.636004,0.9806389999999996,0.4562890000000004
st11911,-4.078558,-3.087603,-2.620802,0.990955,0.4668010000000002
st11917,-4.081774,-3.088775,-2.612526,0.9929990000000002,0.4762490000000001
st11923,-4.093402,-3.092411,-2.62662,1.0009910000000004,0.4657909999999998
st11929,-4.103973,-3.093111,-2.630144,1.010862,0.4629669999999999
st11935,-4.109129,-3.084774,-2.603394,1.0243550000000003,0.4813799999999997
st11941,-4.11187,-3.077399,-2.586069,1.0344709999999997,0.49133
st11947,-4.09719,-3.063016,-2.557111,1.034174,0.5059050000000003
st11953,-4.091992,-3.062327,-2.550824,1.0296650000000005,0.5115029999999998
st11959,-4.102685,-3.076481,-2.612995,1.0262040000000003,0.4634859999999996
st11965,-4.116338,-3.084156,-2.663734,1.0321819999999997,0.4204220000000003
st11971,-4.129666,-3.102246,-2.71586,1.0274200000000002,0.3863859999999999
st11977,-4.121641,-3.12037,-2.753769,1.0012710000000005,0.3666009999999997
st11983,-4.122402,-3.144592,-2.780224,0.9778100000000004,0.3643679999999998
st11989,-4.137077,-3.170725,-2.802652,0.9663519999999995,0.3680729999999999
st11995,-4.144375,-3.172639,-2.796213,0.971736,0.3764260000000003
st12001,-4.169378,-3.184937,-2.80154,0.984441,0.383397
st12007,-4.201682,-3.195539,-2.793108,1.0061429999999998,0.402431
st12013,-4.243136,-3.208305,-2.789224,1.0348309999999996,0.4190810000000002
st12019,-4.273011,-3.211551,-2.761285,1.0614600000000003,0.450266
st12025,-4.299896,-3.216642,-2.737561,1.0832540000000006,0.4790809999999998
st12031,-4.31518,-3.223024,-2.732269,1.0921559999999997,0.490755
st12037,-4.305405,-3.214075,-2.719043,1.0913300000000006,0.4950319999999997
st12043,-4.304694,-3.21473,-2.734239,1.0899639999999997,0.4804909999999998
st12049,-4.305847,-3.217599,-2.744946,1.088248,0.4726529999999997
st12055,-4.303988,-3.234624,-2.759346,1.0693640000000002,0.4752780000000003
st12061,-4.292841,-3.261069,-2.775977,1.031772,0.4850919999999998
st12067,-4.26778,-3.28339,-2.764288,0.9843900000000004,0.5191019999999997
st12073,-4.247549,-3.324647,-2.763285,0.922902,0.5613619999999999
st12079,-4.229412,-3.367999,-2.75945,0.8614129999999998,0.608549
st12085,-4.228508,-3.411355,-2.762827,0.8171529999999998,0.6485279999999998
st12091,-4.242162,-3.441454,-2.773531,0.8007080000000006,0.6679229999999996
st12097,-4.260771,-3.442131,-2.781594,0.8186400000000003,0.6605369999999997
st12103,-4.279641,-3.402952,-2.779009,0.8766889999999998,0.6239430000000001
st12109,-4.284269,-3.343973,-2.764301,0.940296,0.579672
st12115,-4.278073,-3.301318,-2.750674,0.9767549999999998,0.5506440000000001
st12121,-4.27349,-3.265709,-2.718514,1.0077809999999996,0.5471950000000003
st12127,-4.267432,-3.227762,-2.668597,1.0396700000000003,0.5591649999999997
st12133,-4.283141,-3.218814,-2.644418,1.0643269999999996,0.5743960000000001
st12139,-4.277843,-3.220167,-2.633631,1.0576759999999998,0.5865360000000002
st12145,-4.262602,-3.222946,-2.632983,1.0396560000000004,0.589963
st12151,-4.253214,-3.238163,-2.65347,1.0150509999999997,0.5846930000000001
st12157,-4.247937,-3.255129,-2.676545,0.992808,0.5785840000000002
st12163,-4.256523,-3.263275,-2.690022,0.9932479999999996,0.5732530000000002
st12169,-4.271899,-3.261022,-2.700309,1.0108770000000002,0.5607130000000002
st12175,-4.27378,-3.25737,-2.716499,1.0164100000000005,0.5408709999999997
st12181,-4.283105,-3.244749,-2.718171,1.0383559999999998,0.5265780000000002
st12187,-4.329444,-3.230511,-2.716095,1.0989329999999995,0.5144159999999998
st12193,-4.3954,-3.224495,-2.727716,1.1709050000000003,0.4967790000000001
st12199,-4.456485,-3.214151,-2.727152,1.2423339999999996,0.4869990000000004
st12205,-4.508034,-3.199038,-2.71323,1.3089960000000005,0.485808
st12211,-4.546002,-3.179865,-2.698709,1.3661369999999995,0.4811559999999999
st12217,-4.56798,-3.143851,-2.665082,1.4241290000000002,0.4787690000000002
st12223,-4.579338,-3.106262,-2.623264,1.4730759999999998,0.4829980000000002
st12229,-4.573743,-3.078753,-2.587848,1.4949900000000005,0.4909049999999997
st12235,-4.574158,-3.069042,-2.569411,1.5051159999999997,0.4996309999999999
st12241,-4.586156,-3.078611,-2.573302,1.507545,0.505309
st12247,-4.588741,-3.090222,-2.583249,1.498519,0.5069729999999999
st12253,-4.585378,-3.106997,-2.594568,1.4783810000000006,0.5124289999999996
st12259,-4.558694,-3.11377,-2.592974,1.444924,0.5207960000000003
st12265,-4.511414,-3.117998,-2.589827,1.3934160000000002,0.528171
st12271,-4.461984,-3.126202,-2.595359,1.335782,0.530843
st12277,-4.413865,-3.120167,-2.59324,1.2936980000000005,0.5269269999999997
st12283,-4.386764,-3.122264,-2.58992,1.2645000000000004,0.5323439999999997
st12289,-4.368969,-3.119762,-2.575704,1.2492069999999995,0.5440580000000002
st12295,-4.367097,-3.118824,-2.572931,1.2482730000000002,0.545893
st12301,-4.323,-3.080457,-2.531735,1.2425430000000004,0.5487220000000002
st12307,-4.291601,-3.065761,-2.508682,1.2258399999999998,0.5570790000000003
st12313,-4.265887,-3.066695,-2.51833,1.199192,0.548365
st12319,-4.263803,-3.08452,-2.557452,1.1792830000000003,0.5270679999999999
st12325,-4.288982,-3.107597,-2.595766,1.1813849999999997,0.5118310000000004
st12331,-4.317981,-3.127909,-2.626168,1.1900719999999998,0.501741
st12337,-4.360865,-3.163572,-2.674997,1.1972930000000006,0.488575
st12343,-4.377025,-3.176948,-2.71014,1.2000769999999998,0.4668079999999999
st12349,-4.390824,-3.192113,-2.750439,1.1987110000000003,0.4416739999999999
st12355,-4.392458,-3.204432,-2.777254,1.1880260000000002,0.427178
st12361,-4.397892,-3.217575,-2.785553,1.1803169999999996,0.4320219999999999
st12367,-4.37809,-3.229825,-2.792442,1.1482650000000003,0.4373830000000001
st12373,-4.322769,-3.240998,-2.799056,1.0817710000000005,0.4419419999999996
st12379,-4.262438,-3.245525,-2.795416,1.0169130000000002,0.4501090000000003
st12385,-4.235845,-3.236787,-2.778925,0.9990580000000002,0.457862
st12391,-4.246634,-3.227416,-2.774563,1.0192180000000004,0.4528529999999997
st12397,-4.28123,-3.207538,-2.75856,1.073692,0.4489779999999999
st12403,-4.320225,-3.177584,-2.713295,1.1426409999999998,0.4642889999999999
st12409,-4.365124,-3.160405,-2.678633,1.204719,0.4817719999999998
st12415,-4.421049,-3.160655,-2.671415,1.2603939999999998,0.4892400000000001
st12421,-4.47041,-3.165151,-2.669695,1.3052590000000004,0.4954559999999999
st12427,-4.484893,-3.148198,-2.640627,1.3366949999999995,0.507571
st12433,-4.47911,-3.139942,-2.630216,1.3391680000000004,0.5097260000000001
st12439,-4.457764,-3.131952,-2.646985,1.325812,0.4849670000000001
st12445,-4.424064,-3.117027,-2.650019,1.3070370000000002,0.4670080000000003
st12451,-4.383094,-3.093273,-2.62225,1.289821,0.4710229999999997
st12457,-4.339168,-3.069577,-2.600039,1.2695909999999997,0.469538
st12463,-4.299885,-3.05092,-2.589315,1.2489649999999997,0.461605
st12469,-4.260338,-3.024303,-2.559416,1.2360349999999998,0.464887
st12475,-4.236365,-3.001064,-2.520843,1.2353010000000002,0.4802209999999998
st12481,-4.2392,-3.000564,-2.497968,1.2386360000000003,0.5025959999999996
st12487,-4.233689,-2.995752,-2.470271,1.237937,0.5254810000000001
st12493,-4.22717,-2.984007,-2.449367,1.243163,0.53464
st12499,-4.225627,-2.980294,-2.452681,1.245333,0.5276130000000001
st12505,-4.231769,-2.995995,-2.485734,1.2357739999999997,0.5102610000000003
st12511,-4.240094,-3.01638,-2.512721,1.2237140000000002,0.5036589999999999
st12517,-4.240866,-3.033632,-2.529215,1.2072339999999997,0.5044169999999997
st12523,-4.247594,-3.059984,-2.562874,1.1876100000000005,0.4971100000000001
st12529,-4.240573,-3.07283,-2.586596,1.1677430000000002,0.486234
st12535,-4.204158,-3.057115,-2.583324,1.1470429999999996,0.4737909999999998
st12541,-4.176798,-3.036112,-2.579031,1.1406859999999996,0.457081
st12547,-4.150096,-3.017826,-2.557996,1.1322699999999997,0.4598299999999997
st12553,-4.14053,-3.015106,-2.536889,1.1254240000000002,0.4782169999999999
st12559,-4.125101,-3.007035,-2.519534,1.1180659999999998,0.4875009999999999
st12565,-4.128329,-3.008181,-2.522042,1.120148,0.4861390000000001
st12571,-4.121702,-3.008333,-2.529247,1.113369,0.4790860000000001
st12577,-4.108711,-3.012172,-2.539116,1.0965389999999997,0.4730560000000001
st12583,-4.07974,-3.008094,-2.532807,1.0716460000000003,0.4752869999999998
st12589,-4.078496,-3.026236,-2.554054,1.0522600000000004,0.4721820000000001
st12595,-4.062146,-3.032308,-2.557624,1.0298380000000005,0.4746839999999999
st12601,-4.078542,-3.048763,-2.568344,1.0297789999999996,0.4804189999999999
st12607,-4.072363,-3.043148,-2.559289,1.0292150000000002,0.4838589999999998
st12613,-4.062974,-3.037117,-2.55476,1.0258569999999998,0.4823569999999999
st12619,-4.083123,-3.049254,-2.574725,1.0338689999999997,0.474529
st12625,-4.099216,-3.047364,-2.574736,1.0518520000000002,0.4726279999999998
st12631,-4.138662,-3.050321,-2.563215,1.0883410000000002,0.4871059999999998
st12637,-4.187451,-3.051196,-2.544442,1.1362550000000002,0.5067539999999999
st12643,-4.21834,-3.042062,-2.527002,1.1762780000000004,0.5150600000000001
st12649,-4.254621,-3.039271,-2.517652,1.2153500000000004,0.5216189999999998
st12655,-4.278972,-3.027291,-2.501076,1.2516810000000005,0.5262150000000001
st12661,-4.292233,-3.020903,-2.506813,1.2713300000000003,0.5140899999999999
st12667,-4.300672,-3.007318,-2.505653,1.2933539999999994,0.501665
st12673,-4.307243,-2.994608,-2.494523,1.3126349999999998,0.5000849999999999
st12679,-4.314361,-2.995539,-2.501616,1.318822,0.4939230000000001
st12685,-4.330247,-3.013296,-2.527743,1.316951,0.4855529999999999
st12691,-4.331828,-3.026719,-2.547829,1.305109,0.4788899999999998
st12697,-4.3154,-3.038763,-2.569318,1.2766370000000005,0.4694449999999999
st12703,-4.297125,-3.054738,-2.592451,1.2423870000000004,0.4622869999999999
st12709,-4.267672,-3.053983,-2.586891,1.213689,0.467092
st12715,-4.223861,-3.049859,-2.573995,1.1740020000000002,0.475864
st12721,-4.177731,-3.057299,-2.578884,1.1204319999999997,0.478415
st12727,-4.144499,-3.061335,-2.588311,1.0831639999999996,0.4730240000000001
st12733,-4.111883,-3.042205,-2.582152,1.0696779999999997,0.4600530000000002
st12739,-4.070552,-3.020344,-2.578466,1.050208,0.441878
st12745,-4.052421,-3.0324,-2.622436,1.0200209999999998,0.409964
st12751,-4.06059,-3.065288,-2.690486,0.9953020000000006,0.3748019999999998
st12757,-4.063572,-3.063248,-2.698705,1.0003239999999995,0.3645430000000003
st12763,-4.064596,-3.051606,-2.679042,1.0129899999999998,0.3725640000000001
st12769,-4.078694,-3.06082,-2.68754,1.0178739999999995,0.3732800000000003
st12775,-4.090261,-3.065507,-2.679271,1.0247539999999995,0.3862360000000002
st12781,-4.098294,-3.059247,-2.655232,1.039047,0.4040150000000002
st12787,-4.125541,-3.058423,-2.635479,1.0671180000000002,0.4229439999999997
st12793,-4.17351,-3.066813,-2.627276,1.1066970000000005,0.4395369999999996
st12799,-4.21327,-3.061784,-2.593046,1.1514859999999998,0.4687379999999996
st12805,-4.245099,-3.059751,-2.567072,1.1853479999999998,0.4926789999999998
st12811,-4.27368,-3.083356,-2.595518,1.1903239999999995,0.487838
st12817,-4.298436,-3.108625,-2.633932,1.1898109999999995,0.4746929999999998
st12823,-4.311139,-3.117591,-2.63863,1.1935479999999998,0.4789609999999999
st12829,-4.31919,-3.127646,-2.638753,1.191544,0.488893
st12835,-4.334984,-3.147409,-2.653877,1.1875750000000005,0.4935320000000001
st12841,-4.336395,-3.160174,-2.659676,1.1762210000000004,0.5004979999999999
st12847,-4.338226,-3.159317,-2.649519,1.1789089999999995,0.509798
st12853,-4.35785,-3.14777,-2.632355,1.21008,0.515415
st12859,-4.379478,-3.124738,-2.603238,1.25474,0.5214999999999996
st12865,-4.379149,-3.106406,-2.571202,1.2727430000000002,0.5352039999999998
st12871,-4.37623,-3.100643,-2.552563,1.2755869999999998,0.5480799999999997
st12877,-4.371303,-3.106094,-2.553566,1.265209,0.5525280000000001
st12883,-4.368535,-3.122599,-2.573486,1.2459359999999997,0.5491130000000002
st12889,-4.380294,-3.144523,-2.601784,1.2357710000000002,0.5427390000000001
st12895,-4.402501,-3.17182,-2.633151,1.230681,0.5386690000000001
st12901,-4.407356,-3.203518,-2.672002,1.2038380000000002,0.5315159999999999
st12907,-4.365764,-3.213201,-2.688172,1.1525630000000002,0.5250290000000004
st12913,-4.304015,-3.201911,-2.68836,1.1021039999999998,0.5135510000000001
st12919,-4.252763,-3.200753,-2.701977,1.0520099999999997,0.4987760000000003
st12925,-4.220366,-3.200915,-2.710695,1.019451,0.4902200000000003
st12931,-4.209344,-3.18846,-2.697665,1.0208839999999997,0.4907949999999998
st12937,-4.21646,-3.177314,-2.684632,1.0391459999999997,0.4926819999999998
st12943,-4.228066,-3.160011,-2.664616,1.0680550000000002,0.4953949999999998
st12949,-4.222651,-3.123394,-2.615121,1.0992570000000002,0.508273
st12955,-4.218849,-3.092997,-2.578791,1.1258519999999996,0.5142060000000002
st12961,-4.231072,-3.076344,-2.570012,1.154728,0.506332
st12967,-4.247625,-3.06343,-2.571808,1.1841950000000003,0.491622
st12973,-4.266385,-3.067935,-2.595473,1.1984499999999998,0.4724619999999997
st12979,-4.262574,-3.07527,-2.617801,1.1873039999999997,0.4574690000000001
st12985,-4.243843,-3.080733,-2.630956,1.16311,0.4497770000000001
st12991,-4.237748,-3.104774,-2.641676,1.132974,0.463098
st12997,-4.250286,-3.12552,-2.640286,1.1247660000000002,0.4852339999999997
st13003,-4.290181,-3.132554,-2.636063,1.1576269999999995,0.4964909999999998
st13009,-4.326618,-3.125107,-2.624815,1.201511,0.500292
st13015,-4.366427,-3.127234,-2.638115,1.2391929999999998,0.4891190000000001
st13021,-4.390639,-3.117136,-2.651488,1.2735030000000005,0.4656479999999998
st13027,-4.40426,-3.098507,-2.644707,1.3057529999999995,0.4538000000000002
st13033,-4.418142,-3.095987,-2.632938,1.3221549999999995,0.4630490000000002
st13039,-4.429077,-3.110112,-2.624729,1.3189650000000004,0.4853830000000001
st13045,-4.429138,-3.124183,-2.625636,1.304955,0.4985469999999998
st13051,-4.412512,-3.131434,-2.622243,1.2810780000000004,0.509191
st13057,-4.383549,-3.143492,-2.627141,1.2400570000000002,0.5163510000000002
st13063,-4.358785,-3.155473,-2.634456,1.203312,0.5210170000000001
st13069,-4.337104,-3.133505,-2.617855,1.203599,0.5156499999999999
st13075,-4.327749,-3.121064,-2.609391,1.2066849999999998,0.511673
st13081,-4.328023,-3.126585,-2.620693,1.201438,0.5058919999999998
st13087,-4.31349,-3.110827,-2.612476,1.2026629999999998,0.498351
st13093,-4.287545,-3.079563,-2.589599,1.207982,0.4899639999999996
st13099,-4.240458,-3.029404,-2.55698,1.2110540000000003,0.4724240000000002
st13105,-4.194933,-2.991241,-2.533144,1.2036919999999998,0.458097
st13111,-4.157784,-2.969507,-2.50571,1.1882770000000002,0.463797
st13117,-4.126889,-2.961745,-2.482353,1.1651440000000002,0.4793920000000002
st13123,-4.128189,-2.975832,-2.459574,1.152357,0.5162580000000001
st13129,-4.141915,-2.997169,-2.453619,1.144746,0.5435499999999998
st13135,-4.170825,-3.026799,-2.492189,1.1440259999999998,0.5346099999999998
st13141,-4.195502,-3.048442,-2.524864,1.1470600000000002,0.5235780000000001
st13147,-4.204953,-3.053735,-2.536102,1.1512179999999996,0.517633
st13153,-4.226057,-3.041145,-2.533048,1.1849119999999995,0.5080970000000002
st13159,-4.264398,-3.021194,-2.519083,1.243204,0.5021109999999998
st13165,-4.309963,-2.99072,-2.481784,1.3192429999999995,0.5089359999999998
st13177,-4.4228,-2.974796,-2.490742,1.4480039999999996,0.484054
st13183,-4.442237,-2.964883,-2.488702,1.4773540000000005,0.4761809999999999
st13189,-4.435444,-2.953404,-2.473634,1.4820400000000005,0.4797699999999998
st13195,-4.439794,-2.953006,-2.472946,1.4867880000000002,0.4800599999999999
st13201,-4.448245,-2.963234,-2.480713,1.485011,0.4825209999999997
st13207,-4.456873,-2.976184,-2.497619,1.480689,0.4785650000000001
st13213,-4.452387,-2.996761,-2.531976,1.455626,0.464785
st13219,-4.455419,-3.039373,-2.589699,1.416046,0.4496739999999999
st13225,-4.44161,-3.069341,-2.630906,1.3722689999999995,0.4384350000000001
st13231,-4.413723,-3.097259,-2.661785,1.316464,0.4354740000000001
st13237,-4.376321,-3.100973,-2.668906,1.2753479999999997,0.4320670000000004
st13243,-4.36501,-3.101714,-2.678482,1.263296,0.423232
st13249,-4.363012,-3.092225,-2.672319,1.2707870000000003,0.4199060000000001
st13255,-4.36179,-3.072324,-2.648135,1.289466,0.4241890000000001
st13261,-4.353657,-3.051124,-2.626614,1.302533,0.4245100000000001
st13267,-4.347063,-3.029045,-2.613145,1.3180180000000004,0.4159000000000001
st13273,-4.354384,-3.011477,-2.60206,1.3429069999999994,0.4094170000000003
st13279,-4.35578,-2.988077,-2.587054,1.367703,0.4010229999999999
st13285,-4.345811,-2.967826,-2.554297,1.3779850000000002,0.413529
st13291,-4.333594,-2.96201,-2.525361,1.371584,0.4366489999999996
st13297,-4.336567,-2.972824,-2.515771,1.3637429999999997,0.4570530000000001
st13303,-4.360385,-2.995536,-2.537444,1.364849,0.4580920000000001
st13309,-4.387896,-3.020364,-2.577895,1.3675319999999995,0.442469
st13315,-4.427411,-3.044081,-2.602209,1.3833300000000004,0.4418719999999996
st13321,-4.462656,-3.047613,-2.594536,1.4150429999999998,0.4530769999999999
st13327,-4.486612,-3.046247,-2.585714,1.440365,0.4605330000000003
st13333,-4.473906,-3.021982,-2.565809,1.4519240000000004,0.4561730000000001
st13339,-4.457136,-2.999647,-2.550492,1.4574890000000005,0.4491549999999997
st13345,-4.448752,-2.977598,-2.531762,1.471154,0.4458359999999999
st13351,-4.455048,-2.959353,-2.501359,1.4956949999999996,0.4579940000000002
st13357,-4.450156,-2.931693,-2.470154,1.5184629999999997,0.4615390000000001
st13363,-4.45175,-2.913013,-2.446716,1.5387369999999998,0.4662969999999999
st13369,-4.454021,-2.904315,-2.429475,1.549706,0.4748399999999999
st13375,-4.457763,-2.895142,-2.420067,1.562621,0.4750749999999999
st13381,-4.476201,-2.896347,-2.43068,1.5798539999999996,0.4656669999999998
st13387,-4.45067,-2.899351,-2.452895,1.551319,0.4464559999999999
st13393,-4.398926,-2.911918,-2.472421,1.4870080000000003,0.4394969999999998
st13399,-4.359559,-2.927952,-2.494359,1.431607,0.4335929999999997
st13405,-4.347285,-2.95836,-2.520449,1.3889250000000004,0.4379109999999997
st13411,-4.355023,-2.982618,-2.539324,1.372405,0.4432939999999998
st13417,-4.381277,-3.004218,-2.551576,1.377059,0.452642
st13423,-4.40093,-3.020154,-2.558614,1.380776,0.4615399999999998
st13429,-4.41315,-3.018583,-2.556167,1.394567,0.4624160000000001
st13435,-4.426853,-3.002697,-2.541194,1.4241560000000004,0.461503
st13441,-4.441042,-2.977995,-2.524858,1.4630470000000004,0.4531369999999999
st13447,-4.451236,-2.950827,-2.511199,1.500409,0.4396279999999999
st13453,-4.442314,-2.92027,-2.497506,1.5220439999999995,0.4227639999999999
st13459,-4.413822,-2.8991,-2.497567,1.514722,0.4015329999999997
st13465,-4.377322,-2.887475,-2.494312,1.4898470000000006,0.3931629999999999
st13471,-4.330611,-2.875812,-2.482605,1.4547990000000004,0.3932069999999998
st13477,-4.285012,-2.871343,-2.473299,1.413669,0.398044
st13483,-4.265459,-2.885961,-2.477313,1.379498,0.4086479999999999
st13489,-4.268182,-2.904519,-2.487023,1.3636630000000003,0.4174959999999998
st13495,-4.277541,-2.912748,-2.488016,1.364793,0.4247320000000001
st13501,-4.291856,-2.924321,-2.499198,1.3675350000000002,0.4251230000000001
st13507,-4.300346,-2.941892,-2.519588,1.358454,0.422304
st13513,-4.302004,-2.954602,-2.52157,1.3474020000000002,0.4330319999999998
st13519,-4.299923,-2.957829,-2.50891,1.342094,0.4489189999999996
st13525,-4.311547,-2.965045,-2.515417,1.346502,0.4496280000000001
st13531,-4.33266,-2.979267,-2.53531,1.3533929999999996,0.4439570000000001
st13537,-4.343399,-2.988923,-2.550052,1.3544759999999996,0.4388710000000002
st13543,-4.34286,-2.996522,-2.56443,1.3463379999999998,0.4320919999999999
st13549,-4.336804,-3.01207,-2.585797,1.324734,0.4262730000000001
st13555,-4.329091,-3.030644,-2.604556,1.298447,0.426088
st13561,-4.325798,-3.040974,-2.601525,1.284824,0.4394489999999997
st13567,-4.318657,-3.044314,-2.587603,1.274343,0.4567109999999998
st13573,-4.306381,-3.046043,-2.581542,1.260338,0.4645010000000003
st13579,-4.29512,-3.045935,-2.582386,1.2491849999999998,0.463549
st13585,-4.281165,-3.042069,-2.593433,1.2390959999999995,0.448636
st13591,-4.263761,-3.04284,-2.630826,1.2209209999999997,0.4120140000000001
st13597,-4.240303,-3.052945,-2.673949,1.187358,0.3789959999999999
st13603,-4.20884,-3.065125,-2.692726,1.1437150000000005,0.3723990000000001
st13609,-4.174659,-3.073378,-2.691184,1.1012810000000002,0.3821940000000001
st13615,-4.14628,-3.078647,-2.683745,1.0676329999999998,0.3949020000000001
st13621,-4.141825,-3.086708,-2.67902,1.055117,0.4076879999999998
st13627,-4.169811,-3.095927,-2.677682,1.073884,0.4182450000000002
st13633,-4.224206,-3.096574,-2.666126,1.1276319999999995,0.4304479999999997
st13639,-4.291575,-3.089835,-2.64956,1.20174,0.4402749999999997
st13645,-4.351567,-3.079093,-2.637752,1.2724740000000003,0.441341
st13651,-4.398355,-3.063486,-2.628912,1.3348689999999994,0.434574
st13657,-4.426992,-3.03715,-2.613422,1.3898420000000002,0.4237280000000001
st13663,-4.440256,-3.004345,-2.594632,1.435911,0.409713
st13669,-4.444005,-2.977929,-2.583073,1.4660759999999995,0.3948559999999999
st13675,-4.425489,-2.964239,-2.587244,1.4612499999999995,0.3769949999999999
st13681,-4.397681,-2.955565,-2.596215,1.4421160000000004,0.35935
st13687,-4.366779,-2.943733,-2.5977,1.4230460000000005,0.3460329999999998
st13693,-4.342644,-2.9337,-2.593846,1.408944,0.3398539999999999
st13699,-4.33467,-2.93447,-2.596181,1.4002,0.338289
st13705,-4.341397,-2.943381,-2.606231,1.3980159999999997,0.3371499999999998
st13711,-4.343409,-2.949094,-2.614887,1.3943150000000002,0.3342070000000001
st13717,-4.343714,-2.943555,-2.61336,1.4001590000000004,0.3301949999999998
st13723,-4.347991,-2.944205,-2.622137,1.4037860000000002,0.3220680000000002
st13729,-4.355733,-2.945028,-2.631756,1.4107049999999997,0.313272
st13735,-4.36421,-2.940074,-2.631529,1.4241359999999998,0.308545
st13741,-4.377962,-2.945885,-2.637943,1.432077,0.3079420000000001
st13747,-4.407431,-2.972281,-2.659771,1.4351499999999997,0.31251
st13753,-4.440689,-3.000139,-2.674379,1.44055,0.3257599999999998
st13759,-4.465301,-3.012362,-2.664008,1.4529390000000002,0.348354
st13765,-4.481151,-3.017086,-2.64659,1.4640649999999995,0.3704959999999997
st13771,-4.497646,-3.016472,-2.615353,1.4811739999999998,0.401119
st13777,-4.49993,-3.010832,-2.581555,1.4890979999999998,0.4292770000000003
st13783,-4.49844,-3.006633,-2.567447,1.4918070000000003,0.4391859999999998
st13789,-4.510879,-3.014251,-2.577019,1.4966280000000003,0.4372319999999998
st13795,-4.528063,-3.032133,-2.593851,1.4959300000000004,0.438282
st13801,-4.51593,-3.048717,-2.603971,1.467213,0.4447459999999998
st13807,-4.503822,-3.056503,-2.603973,1.4473190000000002,0.4525300000000003
st13813,-4.506309,-3.057221,-2.588269,1.4490879999999997,0.4689520000000002
st13819,-4.531658,-3.056702,-2.565037,1.4749560000000002,0.4916650000000002
st13825,-4.582301,-3.054701,-2.550295,1.5276,0.5044059999999999
st13831,-4.625069,-3.050453,-2.549313,1.5746159999999998,0.5011399999999999
st13837,-4.629981,-3.045978,-2.558996,1.584003,0.4869819999999998
st13843,-4.620131,-3.032856,-2.553477,1.5872749999999995,0.4793790000000002
st13849,-4.598172,-3.008651,-2.521795,1.589521,0.4868559999999999
st13855,-4.552467,-2.981528,-2.490776,1.570939,0.4907520000000001
st13861,-4.494319,-2.948767,-2.469294,1.5455519999999998,0.479473
st13867,-4.47263,-2.920643,-2.472827,1.5519869999999996,0.447816
st13873,-4.466061,-2.9038,-2.486308,1.562261,0.4174919999999997
st13879,-4.456086,-2.902026,-2.506168,1.5540599999999998,0.395858
st13885,-4.442182,-2.914707,-2.535314,1.527475,0.3793929999999998
st13891,-4.42024,-2.92441,-2.54997,1.4958299999999998,0.3744399999999999
st13897,-4.39993,-2.923362,-2.544536,1.4765680000000003,0.3788260000000001
st13903,-4.384947,-2.922986,-2.538335,1.4619610000000005,0.3846509999999998
st13909,-4.378228,-2.92924,-2.546446,1.448988,0.3827940000000001
st13915,-4.383693,-2.933434,-2.567049,1.450259,0.3663850000000002
st13921,-4.39092,-2.936605,-2.582036,1.4543150000000002,0.3545690000000001
st13927,-4.394804,-2.940372,-2.58307,1.4544319999999995,0.3573019999999998
st13933,-4.392384,-2.94383,-2.567154,1.4485539999999997,0.3766760000000002
st13939,-4.376944,-2.952501,-2.536531,1.424443,0.4159699999999997
st13945,-4.362639,-2.973749,-2.518069,1.3888899999999995,0.4556800000000001
st13951,-4.367547,-3.004855,-2.523333,1.362692,0.481522
st13957,-4.388927,-3.036042,-2.540051,1.3528849999999997,0.495991
st13963,-4.405634,-3.060087,-2.563151,1.3455470000000005,0.4969359999999998
st13969,-4.403626,-3.079688,-2.579852,1.323938,0.4998360000000001
st13975,-4.398286,-3.097326,-2.5895,1.30096,0.5078259999999997
st13981,-4.406473,-3.112334,-2.608281,1.294139,0.5040530000000003
st13987,-4.422738,-3.119702,-2.621779,1.3030359999999996,0.4979230000000001
st13993,-4.446962,-3.120499,-2.614416,1.326463,0.5060830000000003
st13999,-4.485506,-3.120897,-2.595266,1.3646090000000002,0.5256309999999997
st14005,-4.524235,-3.120414,-2.587344,1.4038210000000002,0.5330699999999999
st14011,-4.54068,-3.115748,-2.582966,1.424932,0.5327820000000001
st14017,-4.515197,-3.108853,-2.56426,1.4063439999999998,0.5445929999999999
st14023,-4.475242,-3.098599,-2.537272,1.3766429999999996,0.5613269999999999
st14029,-4.446427,-3.078185,-2.511526,1.368242,0.566659
st14035,-4.451193,-3.048141,-2.485126,1.4030519999999995,0.563015
st14041,-4.48021,-3.020859,-2.470496,1.4593509999999994,0.5503630000000004
st14047,-4.498504,-3.006281,-2.476477,1.4922229999999996,0.5298039999999999
st14053,-4.485472,-2.999001,-2.491459,1.486471,0.5075419999999999
st14059,-4.445547,-2.995898,-2.506248,1.4496490000000004,0.4896500000000001
st14065,-4.417146,-3.0091,-2.527944,1.4080459999999997,0.4811559999999999
st14071,-4.431594,-3.039187,-2.565851,1.3924069999999995,0.4733360000000002
st14077,-4.471824,-3.063819,-2.608937,1.4080049999999995,0.454882
st14083,-4.519187,-3.071437,-2.638659,1.4477499999999996,0.4327779999999999
st14089,-4.551819,-3.062542,-2.662926,1.489277,0.3996159999999999
st14095,-4.550943,-3.035934,-2.680997,1.515009,0.354937
st14101,-4.528534,-2.996282,-2.666943,1.5322519999999995,0.329339
st14107,-4.500774,-2.960818,-2.621983,1.5399559999999997,0.338835
st14113,-4.481814,-2.947199,-2.591827,1.534615,0.355372
st14119,-4.488071,-2.953804,-2.577523,1.5342669999999998,0.3762810000000001
st14125,-4.513761,-2.962146,-2.574431,1.5516149999999995,0.387715
st14131,-4.523516,-2.96687,-2.596296,1.5566459999999998,0.3705739999999999
st14137,-4.521058,-2.974363,-2.624896,1.5466950000000002,0.3494669999999997
st14143,-4.515622,-2.987006,-2.649482,1.5286159999999995,0.3375240000000001
st14149,-4.502345,-3.004751,-2.663813,1.497594,0.3409379999999999
st14155,-4.48104,-3.023736,-2.646653,1.4573040000000002,0.3770829999999998
st14161,-4.46136,-3.035641,-2.612523,1.425719,0.4231180000000001
st14167,-4.436367,-3.04316,-2.596464,1.393207,0.4466959999999997
st14173,-4.412923,-3.047434,-2.58716,1.3654890000000002,0.460274
st14179,-4.39292,-3.044438,-2.565886,1.3484820000000002,0.4785520000000001
st14185,-4.385652,-3.044721,-2.545592,1.3409310000000003,0.4991289999999999
st14191,-4.40124,-3.05381,-2.530917,1.3474299999999997,0.5228929999999998
st14197,-4.424156,-3.068624,-2.523062,1.3555320000000002,0.5455619999999999
st14203,-4.440044,-3.084493,-2.530709,1.3555510000000002,0.5537840000000003
st14209,-4.453839,-3.092478,-2.541113,1.3613610000000005,0.5513649999999997
st14215,-4.461414,-3.0814,-2.547538,1.3800140000000003,0.5338620000000001
st14221,-4.463601,-3.062344,-2.569214,1.4012569999999998,0.4931299999999998
st14227,-4.462461,-3.041914,-2.582994,1.4205470000000004,0.45892
st14233,-4.455655,-3.018066,-2.568613,1.437589,0.4494530000000001
st14239,-4.440491,-2.99555,-2.544188,1.4449409999999996,0.451362
st14245,-4.417396,-2.974438,-2.513854,1.442958,0.4605840000000003
st14251,-4.399626,-2.961493,-2.494864,1.4381329999999997,0.4666289999999997
st14257,-4.391907,-2.963688,-2.488154,1.428219,0.4755339999999997
st14263,-4.404516,-2.984493,-2.490356,1.420023,0.4941370000000002
st14269,-4.43162,-3.01169,-2.480125,1.4199299999999997,0.5315650000000001
st14275,-4.450568,-3.038352,-2.454382,1.4122159999999997,0.5839700000000003
st14281,-4.474845,-3.074206,-2.453945,1.400639,0.6202610000000002
st14287,-4.502628,-3.122257,-2.496303,1.3803709999999998,0.6259539999999997
st14293,-4.511029,-3.160263,-2.54238,1.3507659999999997,0.617883
st14299,-4.5023,-3.179708,-2.564353,1.3225919999999998,0.6153550000000001
st14305,-4.486895,-3.192909,-2.578273,1.2939859999999994,0.6146360000000004
st14311,-4.464739,-3.194794,-2.574296,1.269945,0.620498
st14317,-4.436476,-3.183,-2.55439,1.253476,0.6286099999999997
st14323,-4.417486,-3.174272,-2.549268,1.243214,0.6250040000000001
st14329,-4.404136,-3.171493,-2.564857,1.2326430000000004,0.606636
st14335,-4.385656,-3.161441,-2.569844,1.224215,0.5915970000000002
st14341,-4.356238,-3.142495,-2.569547,1.2137430000000005,0.5729479999999998
st14347,-4.311177,-3.124684,-2.566217,1.186493,0.5584669999999998
st14353,-4.275055,-3.111984,-2.560537,1.163071,0.551447
st14359,-4.2707,-3.097767,-2.549361,1.1729329999999996,0.548406
st14365,-4.289745,-3.074456,-2.532714,1.2152889999999998,0.5417420000000002
st14371,-4.324804,-3.045455,-2.535229,1.2793490000000003,0.5102259999999998
st14377,-4.366838,-3.018816,-2.559645,1.3480220000000005,0.459171
st14383,-4.408114,-2.990538,-2.568526,1.4175760000000004,0.422012
st14389,-4.441306,-2.958737,-2.553019,1.4825689999999998,0.4057180000000002
st14395,-4.466547,-2.935762,-2.540023,1.5307850000000005,0.3957389999999998
st14401,-4.503362,-2.920251,-2.529326,1.5831110000000002,0.3909249999999997
st14407,-4.539569,-2.903365,-2.507781,1.6362040000000002,0.3955839999999999
st14413,-4.535835,-2.890565,-2.493577,1.6452699999999996,0.3969879999999999
st14419,-4.524652,-2.88679,-2.502924,1.6378619999999997,0.3838659999999998
st14425,-4.506993,-2.879661,-2.503954,1.6273319999999996,0.3757070000000002
st14431,-4.485287,-2.862554,-2.477366,1.6227329999999998,0.3851879999999998
st14437,-4.457372,-2.846864,-2.450393,1.6105080000000005,0.396471
st14443,-4.424024,-2.837755,-2.44245,1.5862690000000002,0.395305
st14449,-4.3845,-2.837169,-2.448762,1.5473310000000002,0.3884069999999999
st14455,-4.343274,-2.843228,-2.458258,1.5000460000000002,0.38497
st14461,-4.321327,-2.856168,-2.483605,1.4651590000000003,0.372563
st14467,-4.317654,-2.885544,-2.536816,1.4321100000000002,0.3487279999999999
st14473,-4.329949,-2.912724,-2.573923,1.4172250000000002,0.3388009999999997
st14479,-4.347901,-2.928109,-2.580822,1.4197920000000002,0.3472870000000001
st14485,-4.369062,-2.945379,-2.583585,1.4236829999999996,0.3617940000000001
st14491,-4.398723,-2.968102,-2.586002,1.4306210000000004,0.3820999999999999
st14497,-4.412899,-2.98647,-2.57911,1.4264290000000002,0.4073600000000001
st14503,-4.425349,-2.994029,-2.56309,1.43132,0.4309389999999999
st14509,-4.443816,-2.997992,-2.552117,1.445824,0.445875
st14515,-4.463899,-2.999912,-2.547588,1.4639869999999997,0.4523239999999999
st14521,-4.471376,-2.993249,-2.5415,1.4781270000000002,0.4517489999999999
st14527,-4.471425,-2.983516,-2.536276,1.487909,0.4472399999999998
st14533,-4.470243,-2.987029,-2.541385,1.4832139999999998,0.4456440000000001
st14539,-4.430862,-3.002819,-2.551697,1.4280430000000002,0.4511220000000002
st14545,-4.408396,-3.024029,-2.56315,1.3843669999999997,0.4608790000000002
st14551,-4.409497,-3.042591,-2.577739,1.3669060000000002,0.464852
st14557,-4.447167,-3.045564,-2.585723,1.4016030000000002,0.4598409999999999
st14563,-4.505872,-3.037872,-2.583894,1.468,0.4539780000000002
st14569,-4.545024,-3.029115,-2.585348,1.5159089999999995,0.4437669999999998
st14575,-4.557742,-3.019315,-2.589277,1.538427,0.4300380000000001
st14581,-4.548128,-3.005374,-2.577528,1.542754,0.4278460000000001
st14587,-4.556756,-2.978982,-2.544967,1.5777740000000002,0.4340149999999996
st14593,-4.573715,-2.947098,-2.506485,1.626617,0.4406129999999999
st14599,-4.568692,-2.919033,-2.467811,1.6496590000000002,0.451222
st14605,-4.555766,-2.903189,-2.438687,1.6525770000000004,0.4645019999999999
st14611,-4.539242,-2.90607,-2.430259,1.6331719999999996,0.4758110000000002
st14617,-4.533891,-2.923928,-2.445088,1.6099629999999996,0.4788399999999999
st14623,-4.539469,-2.934389,-2.450447,1.6050800000000005,0.4839419999999999
st14629,-4.557193,-2.938927,-2.456505,1.6182659999999998,0.4824220000000001
st14635,-4.569465,-2.950197,-2.464422,1.619268,0.4857750000000003
st14641,-4.563526,-2.952433,-2.4602,1.6110930000000003,0.4922330000000001
st14647,-4.526648,-2.94136,-2.446907,1.5852879999999998,0.494453
st14653,-4.483279,-2.930721,-2.450411,1.5525579999999994,0.4803100000000002
st14659,-4.460382,-2.919409,-2.462729,1.540973,0.45668
st14665,-4.455674,-2.911145,-2.46318,1.5445290000000005,0.4479649999999999
st14671,-4.472829,-2.907404,-2.44685,1.5654249999999998,0.4605540000000001
st14677,-4.478908,-2.90642,-2.41984,1.572488,0.4865799999999995
st14683,-4.477268,-2.906871,-2.400753,1.5703969999999994,0.5061180000000003
st14689,-4.47041,-2.911595,-2.407634,1.558815,0.5039610000000003
st14695,-4.464151,-2.921679,-2.430369,1.542472,0.4913100000000003
st14701,-4.470642,-2.937647,-2.466486,1.5329949999999997,0.4711609999999999
st14707,-4.483407,-2.960868,-2.513976,1.5225389999999996,0.446892
st14713,-4.50297,-2.980482,-2.556097,1.5224880000000005,0.424385
st14719,-4.524476,-2.990314,-2.586294,1.5341619999999998,0.40402
st14725,-4.536893,-2.993758,-2.604455,1.543135,0.3893029999999999
st14731,-4.542291,-2.988917,-2.614306,1.5533739999999998,0.3746109999999998
st14737,-4.539252,-2.979909,-2.617296,1.559343,0.3626130000000001
st14743,-4.519142,-2.970815,-2.610192,1.5483270000000005,0.3606229999999999
st14749,-4.491568,-2.960205,-2.596194,1.5313629999999998,0.3640110000000001
st14755,-4.46747,-2.956938,-2.590771,1.5105319999999995,0.3661669999999999
st14761,-4.450981,-2.965146,-2.600015,1.4858349999999998,0.3651309999999999
st14767,-4.438605,-2.972112,-2.608019,1.4664929999999998,0.364093
st14773,-4.422302,-2.975735,-2.609472,1.4465670000000004,0.366263
st14779,-4.394172,-2.979125,-2.607469,1.4150470000000004,0.3716559999999997
st14785,-4.3536,-2.977065,-2.603701,1.376535,0.373364
st14791,-4.309888,-2.976976,-2.613341,1.332912,0.3636349999999999
st14797,-4.274186,-2.985493,-2.642787,1.2886930000000003,0.3427059999999997
st14803,-4.273174,-2.993445,-2.678215,1.279729,0.3152300000000001
st14809,-4.322564,-3.000996,-2.704175,1.3215679999999996,0.296821
st14815,-4.388667,-3.013709,-2.726246,1.374958,0.2874629999999998
st14821,-4.435083,-3.015779,-2.72577,1.4193039999999997,0.2900090000000004
st14827,-4.473605,-3.005853,-2.684953,1.467752,0.3208999999999999
st14833,-4.486899,-2.997292,-2.641737,1.4896070000000003,0.3555549999999998
st14839,-4.480124,-2.986305,-2.616683,1.4938189999999998,0.3696220000000001
st14845,-4.472201,-2.971109,-2.588832,1.501092,0.3822770000000002
st14851,-4.480461,-2.957122,-2.569086,1.523339,0.388036
st14857,-4.480496,-2.929167,-2.547465,1.5513289999999995,0.3817020000000002
st14863,-4.471416,-2.898817,-2.538205,1.5725989999999994,0.3606120000000001
st14869,-4.453494,-2.858731,-2.513919,1.594763,0.3448120000000001
st14875,-4.444419,-2.832718,-2.49804,1.611701,0.3346779999999998
st14881,-4.438738,-2.828168,-2.482947,1.61057,0.345221
st14887,-4.452403,-2.847323,-2.493492,1.6050800000000005,0.353831
st14893,-4.474126,-2.875811,-2.518941,1.598315,0.3568700000000002
st14899,-4.492818,-2.898842,-2.54512,1.5939759999999996,0.3537220000000003
st14905,-4.490311,-2.909726,-2.561178,1.580585,0.3485480000000001
st14911,-4.478498,-2.908936,-2.564912,1.569562,0.3440240000000001
st14917,-4.469225,-2.90164,-2.555068,1.5675849999999998,0.3465720000000001
st14923,-4.461091,-2.898849,-2.547555,1.562242,0.3512939999999998
st14929,-4.472234,-2.898191,-2.550021,1.574043,0.3481700000000001
st14935,-4.49104,-2.899222,-2.559901,1.591818,0.339321
st14941,-4.515772,-2.902698,-2.57341,1.613074,0.329288
st14947,-4.522849,-2.902381,-2.580654,1.6204679999999998,0.3217270000000001
st14953,-4.4941,-2.899886,-2.579934,1.5942140000000005,0.3199519999999998
st14959,-4.430928,-2.894707,-2.577026,1.5362209999999998,0.3176809999999999
st14965,-4.354807,-2.886298,-2.575604,1.468509,0.3106940000000002
st14971,-4.279095,-2.870922,-2.551778,1.4081729999999997,0.3191440000000001
st14977,-4.23294,-2.851158,-2.499612,1.3817820000000005,0.3515459999999999
st14983,-4.229236,-2.839345,-2.441699,1.3898910000000004,0.3976459999999999
st14989,-4.263296,-2.84503,-2.407867,1.4182660000000005,0.4371629999999999
st14995,-4.295371,-2.857805,-2.380883,1.4375660000000003,0.476922
